POP,CXPB,MUTPB,MUTATION RATE,BEST_MODULARITY,BEST_GEN
50,0.8,0.4,0.05,0.4197896121,918
50,0.8,0.5,0.08,0.4197896121,681
50,0.8,0.5,0.08,0.4197896121,684
50,0.8,0.5,0.08,0.4197896121,936
50,0.8,0.5,0.08,0.4197896121,538
50,0.8,0.5,0.08,0.4197896121,1223
50,0.8,0.5,0.08,0.4197896121,439
50,0.8,0.5,0.08,0.4197896121,352
50,0.8,0.5,0.1,0.4197896121,844
50,0.8,0.5,0.1,0.4197896121,711
50,0.8,0.5,0.1,0.4197896121,665
50,0.8,0.5,0.1,0.4197896121,729
50,0.8,0.5,0.1,0.4197896121,384
40,0.8,0.5,0.08,0.4197896121,222
40,0.8,0.5,0.08,0.4197896121,1071
60,0.8,0.5,0.08,0.4197896121,822
60,0.8,0.5,0.08,0.4197896121,669
60,0.8,0.5,0.08,0.4197896121,545
60,0.8,0.5,0.08,0.4197896121,563
60,0.8,0.5,0.08,0.4197896121,299
60,0.8,0.5,0.08,0.4197896121,282
50,0.8,0.5,0.1,0.4188034188,420
60,0.8,0.5,0.08,0.4188034188,249
50,0.8,0.4,0.05,0.4174063116,487
50,0.8,0.5,0.08,0.4174063116,671
50,0.8,0.5,0.1,0.4174063116,852
50,0.8,0.5,0.1,0.4174063116,738
60,0.8,0.5,0.08,0.4174063116,674
60,0.8,0.5,0.08,0.4174063116,432
50,0.8,0.5,0.1,0.4172419461,596
50,0.8,0.5,0.1,0.4172419461,510
60,0.8,0.5,0.08,0.4158448389,363
50,0.8,0.4,0.05,0.4155982906,407
50,0.8,0.5,0.1,0.4155982906,221
40,0.8,0.5,0.08,0.4155982906,469
60,0.8,0.5,0.08,0.4155982906,273
60,0.8,0.5,0.08,0.4155982906,663
60,0.8,0.5,0.08,0.4155982906,719
50,0.8,0.4,0.05,0.415105194,399
60,0.8,0.5,0.08,0.4106673241,546
50,0.8,0.4,0.05,0.4095167653,675
50,0.8,0.4,0.05,0.4083662064,556
50,0.8,0.5,0.02,0.4062294543,382
50,0.8,0.4,0.05,0.405982906,1264
50,0.7,0.4,0.05,0.405982906,532
50,0.8,0.5,0.08,0.405982906,390
50,0.8,0.5,0.08,0.405982906,341
50,0.8,0.5,0.08,0.405982906,1032
50,0.8,0.5,0.08,0.405982906,550
60,0.8,0.5,0.08,0.405982906,668
50,0.8,0.5,0.1,0.4057363577,391
60,0.8,0.5,0.08,0.4057363577,232
50,0.8,0.4,0.05,0.405243261,508
50,0.8,0.5,0.08,0.405243261,477
50,0.8,0.5,0.08,0.405243261,479
50,0.8,0.5,0.08,0.405243261,218
50,0.8,0.5,0.08,0.405243261,330
50,0.8,0.5,0.1,0.405243261,420
50,0.8,0.5,0.1,0.405243261,486
40,0.8,0.5,0.08,0.405243261,397
40,0.8,0.5,0.08,0.405243261,599
40,0.8,0.5,0.08,0.405243261,862
40,0.8,0.5,0.08,0.405243261,382
40,0.8,0.5,0.08,0.405243261,672
40,0.8,0.5,0.08,0.405243261,797
60,0.8,0.5,0.08,0.405243261,297
60,0.8,0.5,0.08,0.405243261,255
60,0.8,0.5,0.08,0.405243261,413
40,0.8,0.5,0.08,0.4042570677,706
50,0.7,0.4,0.05,0.4024490467,555
50,0.8,0.5,0.08,0.4024490467,325
50,0.8,0.5,0.08,0.4020381328,317
50,0.8,0.5,0.1,0.4020381328,145
50,0.8,0.5,0.02,0.4010519395,827
50,0.7,0.4,0.05,0.3998191979,541
50,0.8,0.4,0.05,0.3998191979,525
50,0.8,0.5,0.1,0.3998191979,739
50,0.8,0.5,0.1,0.3998191979,472
50,0.8,0.5,0.1,0.3998191979,464
60,0.8,0.5,0.08,0.3998191979,566
60,0.8,0.5,0.08,0.3998191979,452
60,0.8,0.5,0.08,0.3998191979,268
50,0.7,0.4,0.05,0.3996548323,979
50,0.7,0.4,0.05,0.3990795529,324
50,0.8,0.5,0.08,0.3990795529,579
50,0.8,0.5,0.08,0.3990795529,714
50,0.8,0.5,0.08,0.3990795529,516
50,0.8,0.5,0.08,0.3990795529,512
50,0.8,0.5,0.08,0.3990795529,678
50,0.8,0.5,0.08,0.3990795529,793
50,0.8,0.5,0.1,0.3990795529,550
40,0.8,0.5,0.08,0.3990795529,283
40,0.8,0.5,0.08,0.3990795529,607
40,0.8,0.5,0.08,0.3990795529,592
60,0.8,0.5,0.08,0.3990795529,541
60,0.8,0.5,0.08,0.3990795529,474
60,0.8,0.5,0.08,0.3990795529,360
60,0.8,0.5,0.08,0.3990795529,289
60,0.8,0.5,0.08,0.3990795529,292
50,0.8,0.4,0.05,0.3988330046,493
50,0.8,0.5,0.08,0.3981755424,475
50,0.8,0.5,0.08,0.3981755424,662
50,0.8,0.5,0.1,0.3981755424,499
50,0.8,0.5,0.1,0.3981755424,687
50,0.8,0.5,0.1,0.3981755424,602
50,0.8,0.5,0.1,0.3981755424,299
40,0.8,0.5,0.08,0.3981755424,895
50,0.8,0.4,0.05,0.3980933596,466
50,0.8,0.5,0.08,0.3980933596,722
50,0.8,0.5,0.1,0.3980933596,760
40,0.8,0.5,0.08,0.3980933596,607
40,0.8,0.5,0.08,0.3980933596,746
40,0.8,0.5,0.08,0.3980933596,364
60,0.8,0.5,0.08,0.3980933596,429
60,0.8,0.5,0.08,0.3980933596,360
40,0.8,0.5,0.08,0.3978468113,373
50,0.8,0.4,0.05,0.3966962525,764
50,0.7,0.4,0.05,0.3966962525,492
50,0.8,0.5,0.08,0.3966962525,324
40,0.8,0.5,0.08,0.3966962525,379
40,0.8,0.5,0.08,0.3966962525,734
60,0.8,0.5,0.08,0.3966962525,386
60,0.8,0.5,0.08,0.3966962525,214
40,0.8,0.5,0.08,0.3966140697,593
60,0.8,0.5,0.08,0.3966140697,539
50,0.8,0.4,0.05,0.3965318869,481
50,0.8,0.5,0.08,0.3965318869,830
60,0.8,0.5,0.08,0.3965318869,324
50,0.7,0.4,0.05,0.3958744247,456
50,0.8,0.5,0.08,0.3958744247,611
50,0.8,0.5,0.1,0.3958744247,455
40,0.8,0.5,0.08,0.3958744247,484
60,0.8,0.5,0.08,0.3958744247,370
50,0.8,0.4,0.05,0.3957100592,800
50,0.8,0.5,0.08,0.3954635108,287
40,0.8,0.5,0.08,0.3953813281,561
40,0.8,0.5,0.08,0.3953813281,272
50,0.7,0.4,0.05,0.3949704142,372
50,0.8,0.4,0.05,0.3949704142,474
50,0.8,0.5,0.08,0.3949704142,658
50,0.8,0.5,0.1,0.3949704142,323
40,0.8,0.5,0.08,0.3949704142,465
60,0.8,0.5,0.08,0.3949704142,494
50,0.7,0.4,0.05,0.3948882314,371
50,0.7,0.4,0.05,0.3948882314,515
50,0.8,0.4,0.05,0.3948882314,232
50,0.8,0.5,0.1,0.3948882314,327
50,0.8,0.5,0.1,0.3948882314,351
50,0.8,0.5,0.1,0.3948882314,688
40,0.8,0.5,0.08,0.3948882314,592
40,0.8,0.5,0.08,0.3948882314,496
60,0.8,0.5,0.08,0.3948882314,601
50,0.8,0.4,0.05,0.3948882314,1266
50,0.8,0.5,0.08,0.3948882314,578
50,0.8,0.5,0.1,0.3948882314,404
50,0.8,0.5,0.1,0.3948882314,345
50,0.8,0.5,0.02,0.3946416831,219
50,0.8,0.4,0.05,0.3943951348,658
50,0.7,0.4,0.05,0.3943951348,529
50,0.8,0.4,0.05,0.3943951348,519
50,0.8,0.5,0.02,0.3943951348,1372
50,0.8,0.5,0.02,0.3943951348,474
40,0.8,0.5,0.08,0.3943951348,642
40,0.8,0.5,0.08,0.3943951348,737
50,0.8,0.5,0.02,0.3939020381,361
50,0.8,0.5,0.1,0.3939020381,600
50,0.8,0.4,0.05,0.3938198554,685
50,0.8,0.4,0.05,0.3927514793,509
40,0.8,0.5,0.08,0.3927514793,430
50,0.7,0.4,0.05,0.3921761999,209
50,0.8,0.5,0.1,0.3921761999,506
50,0.8,0.4,0.05,0.3914365549,184
50,0.8,0.5,0.1,0.3914365549,525
40,0.8,0.5,0.08,0.3914365549,463
40,0.8,0.5,0.08,0.3914365549,431
60,0.8,0.5,0.08,0.3914365549,212
50,0.8,0.4,0.05,0.3911078238,493
50,0.8,0.5,0.08,0.3911078238,1070
40,0.8,0.5,0.08,0.3911078238,435
40,0.8,0.5,0.08,0.3911078238,283
60,0.8,0.5,0.08,0.3911078238,455
50,0.8,0.5,0.1,0.3907790927,496
40,0.8,0.5,0.08,0.3901216305,260
60,0.8,0.5,0.08,0.389957265,287
50,0.8,0.5,0.02,0.3888888889,269
50,0.8,0.5,0.02,0.3886423406,478
40,0.8,0.5,0.08,0.388477975,366
40,0.8,0.5,0.08,0.388477975,203
50,0.8,0.5,0.1,0.3883136095,457
50,0.8,0.5,0.1,0.3878205128,451
40,0.8,0.5,0.08,0.386669954,622
50,0.8,0.5,0.08,0.3865055884,143
50,0.8,0.5,0.1,0.3865055884,697
50,0.7,0.4,0.05,0.3863412229,421
40,0.8,0.5,0.08,0.3862590401,724
50,0.7,0.4,0.05,0.3855193951,991
50,0.8,0.4,0.05,0.3855193951,866
50,0.8,0.4,0.05,0.3852728468,716
50,0.8,0.4,0.05,0.3852728468,619
50,0.8,0.5,0.08,0.3852728468,365
60,0.8,0.5,0.08,0.3852728468,1167
60,0.8,0.5,0.08,0.3852728468,525
50,0.7,0.4,0.05,0.3850262985,561
50,0.7,0.4,0.05,0.3845332018,336
50,0.8,0.4,0.05,0.3845332018,406
50,0.7,0.4,0.05,0.3845332018,820
50,0.7,0.4,0.05,0.3845332018,349
50,0.8,0.4,0.05,0.3845332018,317
50,0.8,0.5,0.02,0.3845332018,472
50,0.8,0.5,0.02,0.3845332018,343
50,0.8,0.5,0.02,0.3845332018,518
50,0.8,0.5,0.08,0.3845332018,354
50,0.8,0.5,0.08,0.3845332018,436
50,0.8,0.5,0.08,0.3845332018,542
50,0.8,0.5,0.1,0.3845332018,820
40,0.8,0.5,0.08,0.3845332018,320
40,0.8,0.5,0.08,0.3845332018,641
60,0.8,0.5,0.08,0.3845332018,364
60,0.8,0.5,0.08,0.3845332018,268
60,0.8,0.5,0.08,0.3845332018,407
50,0.8,0.5,0.08,0.3842866535,364
50,0.8,0.4,0.05,0.3838757396,349
50,0.8,0.5,0.1,0.3838757396,380
50,0.8,0.5,0.08,0.3837113741,783
50,0.8,0.5,0.1,0.3837113741,610
60,0.8,0.5,0.08,0.3837113741,343
50,0.7,0.4,0.05,0.3836291913,800
50,0.7,0.4,0.05,0.3836291913,793
50,0.8,0.5,0.08,0.3836291913,742
60,0.8,0.5,0.08,0.3836291913,786
60,0.8,0.5,0.08,0.3836291913,478
50,0.7,0.4,0.05,0.3836291913,220
50,0.8,0.5,0.08,0.3835470085,390
50,0.8,0.5,0.08,0.3835470085,435
50,0.8,0.5,0.08,0.3835470085,464
40,0.8,0.5,0.08,0.3835470085,334
50,0.8,0.5,0.08,0.383382643,506
50,0.8,0.5,0.08,0.383382643,518
50,0.8,0.5,0.1,0.383382643,737
40,0.8,0.5,0.08,0.383382643,741
40,0.8,0.5,0.08,0.383382643,745
60,0.8,0.5,0.08,0.383382643,340
60,0.8,0.5,0.08,0.383382643,451
50,0.7,0.4,0.05,0.3833004602,1116
50,0.8,0.5,0.08,0.3833004602,333
50,0.8,0.5,0.1,0.382642998,557
50,0.7,0.4,0.05,0.3825608153,795
50,0.7,0.4,0.05,0.3823142669,621
60,0.8,0.5,0.08,0.3823142669,399
50,0.8,0.5,0.02,0.3822320842,500
60,0.8,0.5,0.08,0.3822320842,166
50,0.8,0.5,0.08,0.3820677186,242
50,0.8,0.5,0.08,0.3820677186,412
50,0.8,0.5,0.1,0.3820677186,567
50,0.8,0.5,0.1,0.3820677186,809
40,0.8,0.5,0.08,0.3820677186,310
40,0.8,0.5,0.08,0.3820677186,541
40,0.8,0.5,0.08,0.3820677186,532
50,0.8,0.5,0.1,0.3814102564,508
40,0.8,0.5,0.08,0.3814102564,239
60,0.8,0.5,0.08,0.3813280736,265
50,0.8,0.5,0.08,0.3811637081,394
50,0.8,0.5,0.1,0.3810815253,707
60,0.8,0.5,0.08,0.3810815253,285
50,0.8,0.5,0.08,0.3809993425,586
50,0.7,0.4,0.05,0.3809171598,393
50,0.7,0.4,0.05,0.3809171598,466
60,0.8,0.5,0.08,0.3809171598,202
50,0.7,0.4,0.05,0.3805884287,195
40,0.8,0.5,0.08,0.3805884287,584
40,0.8,0.5,0.08,0.3805884287,301
50,0.7,0.4,0.05,0.3802596976,464
50,0.8,0.4,0.05,0.380095332,355
40,0.8,0.5,0.08,0.380095332,393
50,0.8,0.4,0.05,0.3798487837,513
40,0.8,0.5,0.08,0.3795200526,614
50,0.7,0.4,0.05,0.3791091387,377
50,0.8,0.4,0.05,0.3791091387,410
50,0.8,0.5,0.08,0.3791091387,255
50,0.8,0.5,0.08,0.3791091387,416
50,0.8,0.5,0.1,0.3791091387,505
50,0.8,0.5,0.1,0.3791091387,353
50,0.8,0.5,0.1,0.3791091387,516
40,0.8,0.5,0.08,0.3791091387,380
60,0.8,0.5,0.08,0.3791091387,246
60,0.8,0.5,0.08,0.3791091387,543
60,0.8,0.5,0.08,0.3791091387,498
50,0.8,0.5,0.1,0.3789447732,405
50,0.8,0.5,0.08,0.3788625904,675
50,0.8,0.5,0.1,0.3788625904,418
60,0.8,0.5,0.08,0.3788625904,545
40,0.8,0.5,0.08,0.3783694938,201
50,0.8,0.4,0.05,0.3781229454,740
50,0.8,0.5,0.02,0.3781229454,276
50,0.8,0.5,0.02,0.3781229454,876
50,0.8,0.5,0.02,0.3778763971,301
40,0.8,0.5,0.08,0.3778763971,547
50,0.8,0.5,0.02,0.3777942143,480
50,0.8,0.5,0.02,0.3777942143,228
50,0.8,0.5,0.02,0.3777120316,660
50,0.7,0.4,0.05,0.3776298488,389
50,0.8,0.4,0.05,0.3776298488,381
60,0.8,0.5,0.08,0.3776298488,278
50,0.8,0.5,0.08,0.3773011177,406
50,0.8,0.5,0.1,0.3772189349,508
60,0.8,0.5,0.08,0.3772189349,376
60,0.8,0.5,0.08,0.3772189349,607
50,0.7,0.4,0.05,0.3771367521,674
50,0.7,0.4,0.05,0.3771367521,414
50,0.7,0.4,0.05,0.3771367521,501
50,0.8,0.4,0.05,0.3771367521,504
50,0.8,0.5,0.08,0.3771367521,423
50,0.8,0.5,0.08,0.3771367521,605
50,0.8,0.5,0.08,0.3771367521,776
50,0.8,0.5,0.1,0.3771367521,869
40,0.8,0.5,0.08,0.3771367521,340
40,0.8,0.5,0.08,0.3771367521,810
40,0.8,0.5,0.08,0.3771367521,621
40,0.8,0.5,0.08,0.3771367521,704
60,0.8,0.5,0.08,0.3771367521,279
50,0.7,0.4,0.05,0.3769723866,938
50,0.8,0.4,0.05,0.3759861933,297
50,0.7,0.4,0.05,0.3759040105,831
50,0.7,0.4,0.05,0.3758218277,474
50,0.7,0.4,0.05,0.3752465483,287
50,0.8,0.5,0.08,0.3751643655,486
50,0.8,0.4,0.05,0.375,539
40,0.8,0.5,0.08,0.375,382
50,0.7,0.4,0.05,0.3749178172,702
50,0.7,0.4,0.05,0.3746712689,572
50,0.8,0.5,0.02,0.3746712689,503
40,0.8,0.5,0.08,0.3746712689,508
60,0.8,0.5,0.08,0.3746712689,337
60,0.8,0.5,0.08,0.3744247206,465
60,0.8,0.5,0.08,0.3744247206,640
50,0.8,0.5,0.08,0.3726166995,635
50,0.8,0.5,0.02,0.372452334,430
50,0.8,0.5,0.1,0.372452334,509
50,0.8,0.5,0.1,0.372452334,259
40,0.8,0.5,0.08,0.372452334,751
40,0.8,0.5,0.08,0.3723701512,499
40,0.8,0.5,0.08,0.3722057857,413
50,0.8,0.4,0.05,0.3719592373,284
50,0.7,0.4,0.05,0.371712689,437
50,0.8,0.4,0.05,0.371712689,150
50,0.8,0.5,0.02,0.371712689,449
50,0.8,0.5,0.08,0.371712689,465
50,0.8,0.4,0.05,0.3716305062,258
50,0.8,0.5,0.08,0.3708908613,245
50,0.8,0.4,0.05,0.3707264957,288
50,0.8,0.4,0.05,0.3707264957,477
50,0.7,0.4,0.05,0.3707264957,654
50,0.8,0.4,0.05,0.3707264957,571
50,0.8,0.4,0.05,0.3707264957,545
50,0.7,0.4,0.05,0.3707264957,244
50,0.8,0.5,0.02,0.3707264957,647
50,0.8,0.5,0.08,0.3707264957,313
50,0.8,0.5,0.1,0.3707264957,700
40,0.8,0.5,0.08,0.3707264957,483
50,0.7,0.4,0.05,0.370644313,384
50,0.8,0.5,0.1,0.3703977646,154
50,0.7,0.4,0.05,0.3702333991,241
50,0.7,0.4,0.05,0.369904668,286
40,0.8,0.5,0.08,0.369904668,289
60,0.8,0.5,0.08,0.369904668,545
50,0.8,0.4,0.05,0.3697403024,509
50,0.7,0.4,0.05,0.3697403024,1318
50,0.8,0.5,0.02,0.3697403024,662
50,0.8,0.5,0.02,0.3697403024,868
50,0.8,0.5,0.08,0.3697403024,482
50,0.8,0.5,0.08,0.3697403024,280
50,0.8,0.5,0.1,0.3697403024,547
50,0.8,0.5,0.1,0.3697403024,432
60,0.8,0.5,0.08,0.3697403024,238
50,0.8,0.4,0.05,0.3694115713,329
50,0.8,0.5,0.02,0.3692472058,734
50,0.8,0.5,0.08,0.3692472058,454
50,0.8,0.5,0.08,0.3692472058,282
40,0.8,0.5,0.08,0.3689184747,672
50,0.8,0.4,0.05,0.3688362919,693
50,0.8,0.5,0.08,0.3688362919,359
50,0.7,0.4,0.05,0.3688362919,526
50,0.8,0.4,0.05,0.3688362919,305
50,0.8,0.4,0.05,0.3687541091,322
50,0.7,0.4,0.05,0.3687541091,817
50,0.7,0.4,0.05,0.3687541091,693
50,0.8,0.5,0.02,0.3687541091,517
60,0.8,0.5,0.08,0.3686719264,309
50,0.8,0.4,0.05,0.3685897436,523
50,0.8,0.4,0.05,0.3685897436,471
50,0.8,0.5,0.08,0.3685897436,564
60,0.8,0.5,0.08,0.3685075608,345
50,0.7,0.4,0.05,0.3680966469,174
50,0.8,0.4,0.05,0.3680966469,484
50,0.8,0.4,0.05,0.3679322814,334
50,0.8,0.4,0.05,0.3677679158,283
50,0.8,0.5,0.08,0.3677679158,1152
40,0.8,0.5,0.08,0.3677679158,735
50,0.8,0.4,0.05,0.3676857331,192
50,0.8,0.5,0.1,0.3676035503,246
60,0.8,0.5,0.08,0.3672748192,599
60,0.8,0.5,0.08,0.3667817226,604
50,0.8,0.4,0.05,0.3666995398,384
60,0.8,0.5,0.08,0.3660420776,323
50,0.8,0.5,0.02,0.3656311637,433
50,0.7,0.4,0.05,0.3655489809,463
50,0.8,0.5,0.08,0.3655489809,766
50,0.7,0.4,0.05,0.3653024326,204
50,0.8,0.4,0.05,0.3653024326,443
50,0.8,0.5,0.02,0.3653024326,401
50,0.8,0.5,0.1,0.3653024326,526
40,0.8,0.5,0.08,0.3653024326,735
60,0.8,0.5,0.08,0.3653024326,718
50,0.8,0.5,0.02,0.3651380671,284
50,0.8,0.5,0.02,0.3644806049,500
50,0.8,0.5,0.08,0.3644806049,517
60,0.8,0.5,0.08,0.3644806049,240
50,0.8,0.5,0.08,0.3643162393,393
50,0.8,0.5,0.08,0.3643162393,389
40,0.8,0.5,0.08,0.3643162393,858
60,0.8,0.5,0.08,0.364069691,437
50,0.8,0.5,0.08,0.363330046,586
50,0.7,0.4,0.05,0.3630834977,608
50,0.8,0.5,0.02,0.3627547666,1033
50,0.8,0.5,0.02,0.3623438527,270
50,0.8,0.5,0.08,0.3623438527,829
50,0.8,0.5,0.1,0.3623438527,545
40,0.8,0.5,0.08,0.3623438527,580
60,0.8,0.5,0.08,0.3623438527,337
50,0.8,0.5,0.02,0.3619329389,560
50,0.8,0.5,0.1,0.3618507561,281
50,0.8,0.5,0.1,0.361522025,202
60,0.8,0.5,0.08,0.361522025,379
50,0.8,0.5,0.02,0.3614398422,248
50,0.8,0.4,0.05,0.3613576594,402
50,0.8,0.5,0.08,0.3613576594,253
50,0.8,0.5,0.08,0.3613576594,497
50,0.8,0.5,0.08,0.3613576594,722
40,0.8,0.5,0.08,0.3613576594,509
60,0.8,0.5,0.08,0.3613576594,531
40,0.8,0.5,0.08,0.3611111111,687
60,0.8,0.5,0.08,0.3611111111,710
60,0.8,0.5,0.08,0.3611111111,556
50,0.8,0.5,0.02,0.3608645628,426
60,0.8,0.5,0.08,0.3606180145,450
50,0.8,0.5,0.02,0.3602071006,491
50,0.8,0.5,0.02,0.3602071006,721
40,0.8,0.5,0.08,0.360042735,205
50,0.8,0.5,0.02,0.3599605523,412
50,0.7,0.4,0.05,0.3598783695,397
50,0.8,0.4,0.05,0.3597961867,529
50,0.8,0.5,0.02,0.3597961867,298
50,0.8,0.5,0.1,0.3597961867,713
50,0.8,0.5,0.1,0.3597140039,196
50,0.7,0.4,0.05,0.3595496384,532
50,0.7,0.4,0.05,0.3593852728,717
50,0.8,0.5,0.02,0.3593852728,487
50,0.8,0.5,0.1,0.3590565417,336
50,0.8,0.5,0.1,0.3585634451,652
50,0.8,0.5,0.02,0.3583168968,258
60,0.8,0.5,0.08,0.3581525312,286
50,0.7,0.4,0.05,0.3579881657,623
50,0.7,0.4,0.05,0.3579059829,430
50,0.8,0.5,0.08,0.3579059829,383
60,0.8,0.5,0.08,0.3579059829,473
50,0.7,0.4,0.05,0.3576594346,843
60,0.8,0.5,0.08,0.3576594346,765
50,0.7,0.4,0.05,0.3575772518,670
50,0.8,0.5,0.1,0.3574128863,770
50,0.8,0.5,0.1,0.3571663379,836
50,0.8,0.4,0.05,0.3570841552,635
50,0.8,0.4,0.05,0.3569197896,487
50,0.8,0.5,0.02,0.3569197896,724
50,0.8,0.5,0.1,0.3569197896,508
40,0.8,0.5,0.08,0.3569197896,184
60,0.8,0.5,0.08,0.3569197896,661
50,0.8,0.5,0.02,0.3566732413,151
40,0.8,0.5,0.08,0.3566732413,522
50,0.7,0.4,0.05,0.3565910585,494
50,0.8,0.4,0.05,0.3560979619,393
50,0.7,0.4,0.05,0.3560157791,866
50,0.8,0.5,0.08,0.3560157791,967
50,0.7,0.4,0.05,0.3556048652,689
50,0.8,0.5,0.02,0.3555226824,385
50,0.7,0.4,0.05,0.3548652202,692
50,0.8,0.5,0.08,0.3548652202,436
50,0.7,0.4,0.05,0.3546186719,367
50,0.8,0.5,0.02,0.3543721236,242
50,0.8,0.5,0.02,0.3539612097,461
50,0.8,0.5,0.08,0.3539612097,558
60,0.8,0.5,0.08,0.3528928337,393
40,0.8,0.5,0.08,0.3528106509,326
60,0.8,0.5,0.08,0.3528106509,287
50,0.7,0.4,0.05,0.3527284681,273
50,0.8,0.5,0.1,0.3524819198,249
40,0.8,0.5,0.08,0.3522353715,796
50,0.8,0.5,0.08,0.3521531887,624
40,0.8,0.5,0.08,0.3520710059,211
50,0.8,0.4,0.05,0.3519888231,414
50,0.8,0.5,0.08,0.3519888231,746
50,0.8,0.5,0.02,0.3514957265,438
40,0.8,0.5,0.08,0.3514957265,552
60,0.8,0.5,0.08,0.3514957265,376
60,0.8,0.5,0.08,0.3514957265,628
50,0.8,0.5,0.02,0.3509204471,591
50,0.8,0.5,0.08,0.3503451677,490
50,0.8,0.4,0.05,0.3501808021,548
50,0.8,0.5,0.02,0.3501808021,201
40,0.8,0.5,0.08,0.3501808021,466
50,0.8,0.5,0.1,0.3496877055,262
50,0.8,0.5,0.02,0.3488658777,235
50,0.8,0.5,0.1,0.3488658777,373
60,0.8,0.5,0.08,0.3485371466,330
50,0.7,0.4,0.05,0.3482905983,295
50,0.8,0.5,0.02,0.3482905983,411
50,0.8,0.4,0.05,0.34804405,627
50,0.8,0.5,0.08,0.3477975016,903
50,0.8,0.5,0.02,0.3477153189,588
60,0.8,0.5,0.08,0.3477153189,411
50,0.7,0.4,0.05,0.3477153189,181
50,0.7,0.4,0.05,0.3475509533,576
50,0.7,0.4,0.05,0.3475509533,547
50,0.8,0.4,0.05,0.3475509533,462
40,0.8,0.5,0.08,0.3474687705,514
50,0.8,0.4,0.05,0.3469756739,647
50,0.8,0.5,0.1,0.3469756739,392
50,0.8,0.4,0.05,0.3468113083,245
50,0.8,0.5,0.08,0.3468113083,655
60,0.8,0.5,0.08,0.3468113083,240
60,0.8,0.5,0.08,0.3468113083,690
50,0.7,0.4,0.05,0.34656476,295
50,0.8,0.4,0.05,0.34656476,259
50,0.8,0.4,0.05,0.34656476,466
50,0.8,0.5,0.02,0.34656476,289
50,0.8,0.5,0.08,0.34656476,473
50,0.8,0.5,0.1,0.34656476,362
50,0.8,0.5,0.1,0.34656476,359
40,0.8,0.5,0.08,0.3464003945,315
60,0.8,0.5,0.08,0.3458251151,344
50,0.8,0.4,0.05,0.3455785667,412
50,0.8,0.5,0.02,0.345496384,553
50,0.8,0.5,0.08,0.345496384,321
60,0.8,0.5,0.08,0.345496384,238
50,0.8,0.5,0.1,0.3449211045,546
50,0.8,0.4,0.05,0.3448389218,798
50,0.7,0.4,0.05,0.3445923734,409
50,0.8,0.5,0.02,0.3445923734,401
50,0.8,0.5,0.02,0.344017094,300
50,0.8,0.5,0.08,0.3436061801,768
40,0.8,0.5,0.08,0.3431130835,652
60,0.8,0.5,0.08,0.3430309007,718
50,0.8,0.4,0.05,0.3426199869,234
50,0.8,0.4,0.05,0.3423734385,953
50,0.8,0.4,0.05,0.3423734385,445
50,0.8,0.4,0.05,0.3423734385,237
50,0.8,0.4,0.05,0.3421268902,332
50,0.8,0.5,0.02,0.3418803419,392
40,0.8,0.5,0.08,0.3417981591,342
50,0.7,0.4,0.05,0.341469428,798
50,0.8,0.5,0.08,0.3413872452,486
50,0.8,0.5,0.1,0.3405654175,433
50,0.8,0.5,0.02,0.3404010519,605
60,0.8,0.5,0.08,0.3404010519,802
50,0.8,0.5,0.02,0.3402366864,297
50,0.8,0.5,0.08,0.3402366864,451
50,0.8,0.5,0.08,0.3402366864,448
50,0.8,0.4,0.05,0.3399901381,539
50,0.7,0.4,0.05,0.3399079553,302
40,0.8,0.5,0.08,0.3394148586,768
50,0.7,0.4,0.05,0.3393326759,720
60,0.8,0.5,0.08,0.3390861275,374
40,0.8,0.5,0.08,0.338921762,479
40,0.8,0.5,0.08,0.3386752137,944
50,0.8,0.5,0.08,0.3380999343,481
50,0.7,0.4,0.05,0.3378533859,172
50,0.8,0.4,0.05,0.3371959237,388
50,0.7,0.4,0.05,0.3369493754,549
50,0.8,0.4,0.05,0.3368671926,491
50,0.8,0.5,0.1,0.3368671926,376
50,0.8,0.4,0.05,0.3367850099,756
50,0.8,0.4,0.05,0.3367028271,522
50,0.7,0.4,0.05,0.3362097304,295
50,0.8,0.5,0.08,0.3359631821,450
50,0.8,0.4,0.05,0.3357988166,426
50,0.8,0.5,0.02,0.3357988166,352
50,0.8,0.4,0.05,0.3357166338,519
50,0.8,0.4,0.05,0.3353879027,473
50,0.7,0.4,0.05,0.3350591716,476
50,0.8,0.5,0.02,0.3344838922,355
50,0.8,0.5,0.02,0.3335798817,286
50,0.8,0.5,0.02,0.3322649573,132
50,0.8,0.5,0.02,0.3321827745,379
50,0.8,0.5,0.02,0.3320184089,468
50,0.8,0.4,0.05,0.3313609467,908
40,0.8,0.5,0.08,0.331278764,442
60,0.8,0.5,0.08,0.331278764,349
50,0.8,0.4,0.05,0.3311965812,426
50,0.8,0.4,0.05,0.3311965812,506
50,0.7,0.4,0.05,0.3310322156,435
50,0.8,0.4,0.05,0.3310322156,951
40,0.8,0.5,0.08,0.3306213018,175
50,0.8,0.5,0.02,0.329799474,808
50,0.8,0.4,0.05,0.3297172913,437
50,0.8,0.5,0.02,0.3295529257,377
50,0.8,0.5,0.02,0.3289776463,821
50,0.8,0.5,0.08,0.3288954635,297
60,0.8,0.5,0.08,0.3284845496,279
40,0.8,0.5,0.08,0.3276627219,261
50,0.7,0.4,0.05,0.327251808,228
50,0.8,0.4,0.05,0.3268408941,410
50,0.8,0.4,0.05,0.3264299803,258
40,0.8,0.5,0.08,0.3263477975,662
50,0.8,0.4,0.05,0.3260190664,389
40,0.8,0.5,0.08,0.3256903353,649
50,0.8,0.5,0.02,0.3253616042,432
40,0.8,0.5,0.08,0.3252794214,768
50,0.8,0.5,0.02,0.3248685076,434
50,0.8,0.4,0.05,0.3246219592,504
50,0.8,0.5,0.1,0.3241288626,962
50,0.8,0.4,0.05,0.323964497,490
40,0.8,0.5,0.08,0.3238823143,327
50,0.8,0.5,0.02,0.3229783037,476
50,0.8,0.5,0.02,0.3224852071,234
50,0.8,0.5,0.02,0.3224852071,359
50,0.7,0.4,0.05,0.3223208416,208
50,0.8,0.5,0.1,0.3220742932,483
50,0.8,0.5,0.02,0.3213346483,152
50,0.8,0.5,0.02,0.3210059172,542
50,0.8,0.5,0.02,0.3200197239,345
50,0.8,0.5,0.1,0.3194444444,339
50,0.7,0.4,0.05,0.3190335306,435
50,0.7,0.4,0.05,0.318869165,288
50,0.7,0.4,0.05,0.3186226167,419
50,0.7,0.4,0.05,0.3185404339,370
50,0.8,0.5,0.02,0.3182938856,320
50,0.8,0.5,0.02,0.3178829717,425
50,0.8,0.4,0.05,0.3176364234,146
40,0.8,0.5,0.08,0.3174720579,532
50,0.8,0.4,0.05,0.3166502301,502
50,0.8,0.5,0.02,0.3166502301,432
40,0.8,0.5,0.08,0.3159105851,403
50,0.7,0.4,0.05,0.3152531229,149
50,0.8,0.5,0.02,0.3150887574,288
40,0.8,0.5,0.08,0.3139381986,505
50,0.8,0.5,0.02,0.3133629191,515
50,0.7,0.4,0.05,0.3127054569,423
50,0.8,0.5,0.02,0.3126232742,242
50,0.7,0.4,0.05,0.3124589086,548
50,0.8,0.5,0.02,0.3105687048,330
50,0.7,0.4,0.05,0.3095825115,510
50,0.8,0.4,0.05,0.3082675871,387
50,0.8,0.5,0.02,0.3082675871,241
50,0.8,0.5,0.02,0.307199211,529
50,0.7,0.4,0.05,0.3070348455,643
50,0.8,0.5,0.02,0.3065417488,156
50,0.8,0.5,0.08,0.3047337278,393
50,0.8,0.5,0.02,0.3045693623,190
50,0.7,0.4,0.05,0.303583169,344
50,0.7,0.4,0.05,0.303583169,239
50,0.7,0.4,0.05,0.3024326101,251
50,0.8,0.5,0.02,0.3013642341,446
50,0.7,0.4,0.05,0.2992274819,597
50,0.8,0.5,0.02,0.2986522025,277
50,0.8,0.5,0.02,0.2979947403,313
50,0.7,0.4,0.05,0.2961045365,220
50,0.8,0.5,0.08,0.2955292571,323
50,0.8,0.5,0.02,0.2948717949,545
50,0.8,0.5,0.02,0.2935568705,647
50,0.7,0.4,0.05,0.2929815911,669
50,0.8,0.4,0.05,0.291913215,465
50,0.8,0.5,0.02,0.2916666667,203
50,0.8,0.5,0.02,0.2862426036,348
50,0.8,0.5,0.02,0.2859138725,376
50,0.8,0.5,0.02,0.2813938199,412
50,0.7,0.4,0.05,0.2807363577,285
50,0.8,0.4,0.05,0.2773668639,428
50,0.8,0.5,0.1,0.2763806706,433
50,0.7,0.4,0.05,0.2752301118,305
50,0.7,0.4,0.05,0.2725180802,465
50,0.8,0.5,0.02,0.270052597,461
50,0.8,0.5,0.02,0.2697238659,286
40,0.8,0.5,0.08,0.2610124918,284
40,0.8,0.5,0.08,0.2486850756,281
50,0.8,0.5,0.02,0.2435075608,331
50,0.8,0.5,0.02,0.2343852728,315